{"cameraMode":{"drawMode":0,"name":"Shaded","section":"Shading Mode"},"sceneLighting":true,"audioPlay":false,"sceneViewState":{"showFog":true,"showMaterialUpdate":false,"showSkybox":true,"showFlares":true,"showImageEffects":true,"showParticleSystems":true},"in2DMode":false,"pivot":{"x":1.8496381044387818,"y":11.004470825195313,"z":-0.17935702204704286},"rotation":{"x":0.036567483097314838,"y":0.7201727628707886,"z":-0.03806773200631142,"w":0.6917914152145386},"size":2.9785079956054689,"orthographic":false}