{"cameraMode":{"drawMode":0,"name":"Shaded","section":"Shading Mode"},"sceneLighting":true,"audioPlay":false,"sceneViewState":{"showFog":true,"showMaterialUpdate":false,"showSkybox":true,"showFlares":true,"showImageEffects":true,"showParticleSystems":true},"in2DMode":false,"pivot":{"x":0.8349910974502564,"y":10.56506633758545,"z":2.281230926513672},"rotation":{"x":-0.3849882483482361,"y":0.44823333621025088,"z":-0.222528874874115,"w":-0.7754701375961304},"size":3.9625706672668459,"orthographic":false}