{"cameraMode":{"drawMode":0,"name":"Shaded","section":"Shading Mode"},"sceneLighting":true,"audioPlay":false,"sceneViewState":{"showFog":true,"showMaterialUpdate":true,"showSkybox":true,"showFlares":true,"showImageEffects":true,"showParticleSystems":true},"in2DMode":false,"pivot":{"x":0.4225578308105469,"y":9.4559326171875,"z":0.04668102040886879},"rotation":{"x":0.2237715721130371,"y":-0.6689721345901489,"z":0.22243301570415498,"w":0.6729978919029236},"size":9.656790733337403,"orthographic":false}