{"cameraMode":{"drawMode":0,"name":"Shaded","section":"Shading Mode"},"sceneLighting":false,"audioPlay":false,"sceneViewState":{"showFog":true,"showMaterialUpdate":true,"showSkybox":false,"showFlares":true,"showImageEffects":true,"showParticleSystems":true},"in2DMode":false,"pivot":{"x":-12.594331741333008,"y":0.9447029232978821,"z":-7.948587894439697},"rotation":{"x":0.2237715721130371,"y":-0.6689721345901489,"z":0.22243301570415498,"w":0.6729978919029236},"size":7.902373790740967,"orthographic":false}